pid,start_time,end_time
20,758734200,760773967
25,758735167,760774934
31,758736134,760775901
37,758737101,760776868
43,758738068,760777835
49,758739035,760778802
55,758740002,760779769
61,758741169,760780936
67,758742136,760781903
73,758743103,760782870
79,758744070,760783837
85,758745037,760784804
21,758952204,760992461
24,758952661,760992918
30,758953318,760993575
36,758953975,760994232
42,758954632,760994889
48,758955289,760995546
54,758955946,760996203
60,758956803,760997060
66,758957460,760997717
72,758958117,760998374
78,758958774,760999031
84,758959431,760999688
108,758963288,761003545
113,758963945,761004202
114,758964002,761004259
567,758973059,761013316
633,758973716,761013973
634,758973773,761014030
635,758973830,761014087
636,758973887,761014144
766,758976144,761016401
861,758976601,761016858
4,759086258,761127025
5,759086425,761127192
6,759086592,761127359
7,759086759,761127526
12,759087126,761127893
18,759088093,761128840
19,759088240,761128987
28,759088987,761129754
34,759089554,761130321
40,759090121,761130888
46,759090688,761131455
52,759091255,761132022
58,759092022,761132789
64,759092589,761133356
70,759093156,761133923
76,759093723,761134490
82,759094290,761135057
88,759094857,761135624
90,759095224,761135991
95,759095991,761136758
100,759096958,761137725
101,759097125,761137892
102,759097292,761138059
104,759097459,761138226
105,759097626,761138393
106,759097793,761138560
107,759097960,761138727
109,759098127,761138894
112,759098494,761139261
116,759098661,761139428
120,759099028,761139795
121,759099195,761139962
122,759099362,761140129
123,759099529,761140296
130,759099696,761140463
138,759100063,761140830
140,759100230,761140997
151,759100397,761141164
179,759100564,761141331
186,759100731,761141498
188,759100898,761141665
189,759101065,761141832
190,759101232,761141999
191,759101399,761142166
199,759101566,761142333
314,759101733,761142500
315,759101900,761142667
333,759102067,761142834
334,759102234,761143001
335,759102401,761143168
336,759102568,761143335
337,759102735,761143502
356,759102902,761143669
357,759103069,761143836
358,759103236,761144003
359,759103403,761144170
360,759103570,761144337
361,759103737,761144504
362,759103904,761144671
363,759104071,761144838
364,759104238,761145005
365,759104405,761145172
366,759104572,761145339
367,759104739,761145506
368,759104906,761145673
479,759105873,761146620
566,759106220,761146987
629,759106787,761147554
886,759109754,761150501
30290,759139101,761179868
31643,759139468,761180235
35291,759145835,761186602
35310,759146002,761186769
36908,759149569,761190336
1,759150736,761191703
2,759150903,761191870
3,759151070,761192037
10,759151237,761192204
14,759151404,761192371
15,759151571,761192538
16,759151738,761192705
17,759151905,761192872
22,759152072,761193039
23,759152239,761193206
26,759152406,761193373
29,759152573,761193540
32,759152740,761193707
35,759152907,761193874
38,759153074,761194041
41,759153241,761194208
44,759153408,761194375
47,759153575,761194542
50,759153742,761194709
53,759153909,761194876
56,759154076,761195043
57,759154243,761195210
59,759154410,761195377
62,759154577,761195544
65,759154744,761195711
68,759154911,761195878
71,759155078,761196045
74,759155245,761196212
77,759155412,761196379
80,759155579,761196546
83,759155746,761196713
86,759155913,761196880
89,759156080,761197047
91,759156247,761197214
92,759156414,761197381
93,759156581,761197548
96,759156748,761197715
98,759157115,761198082
110,759157482,761198449
119,759157649,761198616
134,759157816,761198783
369,759157983,761198950
370,759158150,761199117
439,759158317,761199284
477,759158484,761199451
543,759158651,761199618
622,759158818,761199785
627,759158985,761199952
661,759159152,761200119
666,759159319,761200286
667,759159486,761200453
674,759159653,761200620
675,759159820,761200787
678,759159987,761200954
694,759160154,761201121
696,759160321,761201288
700,759160488,761201455
742,759160655,761201622
761,759160822,761201789
791,759160989,761201956
833,759161156,761202123
865,759161323,761202290
1531,759161490,761202457
1560,759161657,761202624
1756,759161824,761202801
1841,759162001,761202868
1886,759162068,761203035
1899,759162235,761203202
1903,759162402,761203369
1916,759162569,761203536
1933,759162736,761203703
2099,759162903,761203870
2109,759163070,761204037
2184,759163237,761204204
2200,759163404,761204371
2270,759163571,761204538
2280,759163738,761204705
2287,759163905,761204872
2377,759164072,761205039
2384,759164239,761205206
2387,759164406,761205373
2405,759164573,761205540
2408,759164740,761205707
2419,759164907,761205874
2430,759165074,761206041
2447,759165241,761206208
2448,759165408,761206375
2451,759165575,761206542
2453,759165742,761206709
2456,759165909,761206876
2458,759166076,761207043
2464,759166243,761207210
2470,759166410,761207377
2474,759166577,761207544
2478,759166744,761207711
2479,759166911,761207878
2482,759167078,761208045
2483,759167245,761208212
2487,759167412,761208379
2500,759167579,761208546
2542,759167746,761208713
2553,759167913,761208880
2569,759168080,761209047
2576,759168247,761209214
2592,759168414,761209381
2607,759168581,761209548
2612,759168748,761209715
2620,759168915,761209882
2637,759169082,761210049
2641,759169249,761210216
2650,759169416,761210383
2670,759169583,761210550
2677,759169750,761210717
2688,759169917,761210884
2694,759170084,761211051
2700,759170251,761211218
2706,759170418,761211385
2721,759170585,761211552
2727,759170752,761211719
2735,759170919,761211886
2750,759171086,761212053
2753,759171253,761212220
2760,759171420,761212387
2774,759171587,761212554
2799,759171754,761212611
2801,759171811,761212668
2802,759171868,761212725
2925,759171925,761212892
2929,759172092,761213059
2930,759172259,761213226
2971,759172426,761213393
2980,759172593,761213560
2981,759172760,761213727
3003,759172927,761213894
3046,759173094,761214061
3047,759173261,761214228
3062,759173428,761214395
3064,759173595,761214562
3098,759173762,761214729
3126,759173929,761214896
3178,759174096,761215063
3202,759174263,761215230
3204,759174430,761215397
3207,759174597,761215564
3211,759174764,761215731
3248,759174931,761215898
3250,759175098,761216065
3722,759175265,761216222
3726,759175422,761216389
3731,759175589,761216556
3732,759175756,761216723
3734,759175923,761216890
3761,759176090,761217047
3762,759176247,761217214
3780,759176414,761217381
3845,759176781,761217738
3966,759177138,761218095
3992,759177295,761218262
4008,759177462,761218419
4041,759177619,761218576
4057,759177776,761218733
4066,759177933,761218890
4078,759178090,761219047
4467,759178447,761219414
4485,759178814,761219781
4940,759178981,761219948
5429,759179148,761220115
5439,759179315,761220282
5459,759179482,761220449
6830,759179849,761220816
7701,759180016,761220983
7732,759180183,761221150
16813,759180750,761221717
17167,759180917,761221884
17741,759181084,761222051
17850,759181251,761222218
17853,759181418,761222385
17854,759181585,761222552
17856,759181752,761222719
17870,759181919,761222886
17887,759182086,761223053
17892,759182253,761223220
17907,759182420,761223387
17956,759182587,761223554
17976,759182754,761223721
17977,759182921,761223888
18145,759183088,761224055
19507,759183655,761224622
19964,759183822,761224789
20086,759183989,761224956
22685,759184156,761225123
22804,759184323,761225290
23639,759184490,761225457
24528,759184657,761225624
26399,759184824,761225791
26449,759184991,761225958
26452,759185158,761226125
29185,759185525,761226492
31698,759185892,761226859
32492,759186059,761227026
32995,759186226,761227193
33288,759186393,761227360
33453,759186560,761227527
33543,759186727,761227694
33546,759186894,761227861
33561,759187061,761228028
33572,759187228,761228195
33643,759187395,761228362
33644,759187562,761228529
33645,759187729,761228696
33664,759187896,761228863
33682,759188063,761229030
33717,759188230,761229197
33876,759188397,761229364
33900,759188564,761229531
34308,759188731,761229698
34641,759188898,761229865
34642,759189065,761230032
34643,759189232,761230199
34644,759189399,761230366
34645,759189566,761230533
34646,759189733,761230700
34648,759189900,761230867
34650,759190067,761231034
34653,759190234,761231201
34656,759190401,761231368
34723,759190568,761231535
36081,759191135,761232102
36083,759191302,761232269
36084,759191469,761232436
36085,759191636,761232603
36086,759191803,761232770
36095,759191970,761232937
36096,759192137,761233104
36102,759192304,761233271
36103,759192471,761233438
36106,759192638,761233605
36108,759192805,761233772
36109,759192972,761233939
36110,759193139,761234106
36111,759193306,761234273
36113,759193473,761234440
36117,759193640,761234607
36118,759193807,761234774
37039,759193974,761234941
37250,759194141,761235098
37932,759194298,761235265
38042,759194465,761235432
38324,759194632,761235599
38335,759194799,761235766
97,759194766,761235783
99,759194783,761235940
3844,759194940,761235957
3862,759194957,761235974
4087,759194974,761235991
4473,759194991,761236008
5679,759195008,761236025
13562,759195025,761236042
15030,759195042,761236059
18306,759195059,761236076
18604,759195076,761236093
27636,759195093,761236110
30388,759195110,761236127
34843,759195127,761236144
34852,759195144,761236161
1,24454,761167249
2,24454,761167416
3,24454,761167583
4,24454,761102571
5,24454,761102738
6,24454,761102905
7,24454,761103072
10,24454,761167750
12,24454,761103439
14,24454,761167917
15,24454,761168084
16,24454,761168251
17,24454,761168418
18,24454,761104386
19,24454,761104533
20,24454,760749513
21,24454,760968007
22,24454,761168585
23,24454,761168752
24,24454,760968464
25,24454,760750480
26,24454,761168919
28,24454,761105300
29,24454,761169086
30,24454,760969121
31,24454,760751447
32,24454,761169253
34,24454,761105867
35,24454,761169420
36,24454,760969778
37,24454,760752414
38,24454,761169587
40,24454,761106434
41,24454,761169754
42,24454,760970435
43,24454,760753381
44,24454,761169921
46,24454,761107001
47,24454,761170088
48,24454,760971092
49,24454,760754348
50,24454,761170255
52,24454,761107568
53,24454,761170422
54,24454,760971749
55,24454,760755315
56,24454,761170589
57,24454,761170756
58,24454,761108335
59,24454,761170923
60,24454,760972606
61,24454,760756482
62,24454,761171090
64,24454,761108902
65,24454,761171257
66,24454,760973263
67,24454,760757449
68,24454,761171424
70,24454,761109469
71,24454,761171591
72,24454,760973920
73,24454,760758416
74,24454,761171758
76,24454,761110036
77,24454,761171925
78,24454,760974577
79,24454,760759383
80,24454,761172092
82,24454,761110603
83,24454,761172259
84,24454,760975234
85,24454,760760350
86,24454,761172426
88,24454,761111170
89,24454,761172593
90,24454,761111537
91,24454,761172760
92,24454,761172927
93,24454,761173094
95,24454,761112304
96,24454,761173261
97,24454,761211329
98,24454,761173628
99,24454,761211486
100,24454,761113271
101,24454,761113438
102,24454,761113605
104,24454,761113772
105,24454,761113939
106,24454,761114106
107,24454,761114273
108,24454,760979091
109,24454,761114440
110,24454,761173995
112,24454,761114807
113,24454,760979748
114,24454,760979805
116,24454,761114974
119,24454,761174162
120,24454,761115341
121,24454,761115508
122,24454,761115675
123,24454,761115842
130,24454,761116009
134,24454,761174329
138,24454,761116376
140,24454,761116543
151,24454,761116710
179,24454,761116877
186,24454,761117044
188,24454,761117211
189,24454,761117378
190,24454,761117545
191,24454,761117712
199,24454,761117879
314,24454,761118046
315,24454,761118213
333,24454,761118380
334,24454,761118547
335,24454,761118714
336,24454,761118881
337,24454,761119048
356,24454,761119215
357,24454,761119382
358,24454,761119549
359,24454,761119716
360,24454,761119883
361,24454,761120050
362,24454,761120217
363,24454,761120384
364,24454,761120551
365,24454,761120718
366,24454,761120885
367,24454,761121052
368,24454,761121219
369,24454,761174496
370,24454,761174663
439,24454,761174830
477,24454,761174997
479,24454,761122166
543,24454,761175164
566,24454,761122533
567,24454,760988862
622,24454,761175331
627,24454,761175498
629,24454,761123100
633,24454,760989519
634,24454,760989576
635,24454,760989633
636,24454,760989690
661,24454,761175665
666,24454,761175832
667,24454,761175999
674,24454,761176166
675,24454,761176333
678,24454,761176500
694,24454,761176667
696,24454,761176834
700,24454,761177001
742,24454,761177168
761,24454,761177335
766,24454,760991947
791,24454,761177502
833,24454,761177669
861,24454,760992404
865,24454,761177836
886,24454,761126047
1531,24454,761178003
1560,24454,761178170
1756,24454,761178347
1841,24454,761178414
1886,24454,761178581
1899,24454,761178748
1903,24454,761178915
1916,24454,761179082
1933,24454,761179249
2099,24454,761179416
2109,24454,761179583
2184,24454,761179750
2200,24454,761179917
2270,24454,761180084
2280,24454,761180251
2287,24454,761180418
2377,24454,761180585
2384,24454,761180752
2387,24454,761180919
2405,24454,761181086
2408,24454,761181253
2419,24454,761181420
2430,24454,761181587
2447,24454,761181754
2448,24454,761181921
2451,24454,761182088
2453,24454,761182255
2456,24454,761182422
2458,24454,761182589
2464,24454,761182756
2470,24454,761182923
2474,24454,761183090
2478,24454,761183257
2479,24454,761183424
2482,24454,761183591
2483,24454,761183758
2487,24454,761183925
2500,24454,761184092
2542,24454,761184259
2553,24454,761184426
2569,24454,761184593
2576,24454,761184760
2592,24454,761184927
2607,24454,761185094
2612,24454,761185261
2620,24454,761185428
2637,24454,761185595
2641,24454,761185762
2650,24454,761185929
2670,24454,761186096
2677,24454,761186263
2688,24454,761186430
2694,24454,761186597
2700,24454,761186764
2706,24454,761186931
2721,24454,761187098
2727,24454,761187265
2735,24454,761187432
2750,24454,761187599
2753,24454,761187766
2760,24454,761187933
2774,24454,761188100
2799,24454,761188157
2801,24454,761188214
2802,24454,761188271
2925,24454,761188438
2929,24454,761188605
2930,24454,761188772
2971,24454,761188939
2980,24454,761189106
2981,24454,761189273
3003,24454,761189440
3046,24454,761189607
3047,24454,761189774
3062,24454,761189941
3064,24454,761190108
3098,24454,761190275
3126,24454,761190442
3178,24454,761190609
3202,24454,761190776
3204,24454,761190943
3207,24454,761191110
3211,24454,761191277
3248,24454,761191444
3250,24454,761191611
3722,24454,761191768
3726,24454,761191935
3731,24454,761192102
3732,24454,761192269
3734,24454,761192436
3761,24454,761192593
3762,24454,761192760
3780,24454,761192927
3844,24454,761211503
3845,24454,761193284
3862,24454,761211520
3966,24454,761193641
3992,24454,761193808
4008,24454,761193965
4041,24454,761194122
4057,24454,761194279
4066,24454,761194436
4078,24454,761194593
4087,24454,761211537
4467,24454,761194960
4473,24454,761211554
4485,24454,761195327
4940,24454,761195494
5429,24454,761195661
5439,24454,761195828
5459,24454,761195995
5679,24454,761211571
6830,24454,761196362
7701,24454,761196529
7732,24454,761196696
13562,24454,761211588
15030,24454,761211605
16813,24454,761197263
17167,24454,761197430
17741,24454,761197597
17850,24454,761197764
17853,24454,761197931
17854,24454,761198098
17856,24454,761198265
17870,24454,761198432
17887,24454,761198599
17892,24454,761198766
17907,24454,761198933
17956,24454,761199100
17976,24454,761199267
17977,24454,761199434
18145,24454,761199601
18306,24454,761211622
18604,24454,761211639
19507,24454,761200168
19964,24454,761200335
20086,24454,761200502
22685,24454,761200669
22804,24454,761200836
23639,24454,761201003
24528,24454,761201170
26399,24454,761201337
26449,24454,761201504
26452,24454,761201671
27636,24454,761211656
29185,24454,761202038
30290,24454,761155414
30388,24454,761211673
31643,24454,761155781
31698,24454,761202405
32492,24454,761202572
32995,24454,761202739
33288,24454,761202906
33453,24454,761203073
33543,24454,761203240
33546,24454,761203407
33561,24454,761203574
33572,24454,761203741
33643,24454,761203908
33644,24454,761204075
33645,24454,761204242
33664,24454,761204409
33682,24454,761204576
33717,24454,761204743
33876,24454,761204910
33900,24454,761205077
34308,24454,761205244
34641,24454,761205411
34642,24454,761205578
34643,24454,761205745
34644,24454,761205912
34645,24454,761206079
34646,24454,761206246
34648,24454,761206413
34650,24454,761206580
34653,24454,761206747
34656,24454,761206914
34723,24454,761207081
34843,24454,761211690
34852,24454,761211707
35291,24454,761162148
35310,24454,761162315
36081,24454,761207648
36083,24454,761207815
36084,24454,761207982
36085,24454,761208149
36086,24454,761208316
36095,24454,761208483
36096,24454,761208650
36102,24454,761208817
36103,24454,761208984
36106,24454,761209151
36108,24454,761209318
36109,24454,761209485
36110,24454,761209652
36111,24454,761209819
36113,24454,761209986
36117,24454,761210153
36118,24454,761210320
36908,24454,761165882
37039,24454,761210487
37250,24454,761210644
37932,24454,761210811
38042,24454,761210978
38324,24454,761211145
38335,24454,761211312
